Department Name,Number of Employees,Revenue,Expenses,Profitability (%),Budget Allocations
Emergency Department (ED),20,86242.27,15655.05,81.85,"{'Salaries': 43359.17681500854, 'Equipment': 8364.309994800915, 'Supplies': 3693.1170198704353, 'Training': 4439.641965782921}"
Internal Medicine,39,81639.24,91795.48,-12.44,"{'Salaries': 9014.100834201352, 'Equipment': 8221.090913568343, 'Supplies': 9560.866544540791, 'Training': 4671.38694120828}"
Laboratory Services,38,166659.13,26012.38,84.39,"{'Salaries': 42483.28801799624, 'Equipment': 4497.7104517808475, 'Supplies': 9396.214921137342, 'Training': 1882.897610369416}"
Intensive Care Unit (ICU),22,121954.93,79541.19,34.78,"{'Salaries': 20295.504943576936, 'Equipment': 8587.77225153652, 'Supplies': 2940.683506259975, 'Training': 1947.6679158198176}"
Pharmacy,24,151628.16,23187.04,84.71,"{'Salaries': 27114.96739177607, 'Equipment': 2919.5564972208476, 'Supplies': 5818.549792968208, 'Training': 4272.929532646489}"
